## Oracle PPAS 兼容性分析 之 外部表（EXTERNAL TABLE）
---

### 一、背景介绍
**ORACLE数据库：**

External Tables特性是SQL*Loader功能的一种补充，访问外部资源数据，就如同访问数据库中的表一样。

**基本语法**
```
CREATE TABLE table_name (
	......
)
ORGANIZATION EXTERNAL
(TYPE ORACLE_LOADER|ORACLE_DATAPUMP
 DEFAULT DIRECTORY ...
 ACCESS PARAMETERS (
 	......
 )
 LOCATION ......
);
```
参数说明：
+ **TYPE**：指定外部表类型：主要有 ORACLE_LOADER 和 ORACLE_DATAPUMP 两种
	+ **ORACLE_LOADER**：默认的访问驱动，从外部表加载数据到内部表，只能只读方式实现文本数据的装载。数据必须来自**文本文件（text）**，而且不能执行unload操作（即：数据库从internal表到external表）。
	+ **ORACLE_DATAPUMP**：该驱动可以执行load和unload操作。数据必须为**二进制dump文件**。

+ **DEFAULT DIRECTORY**：文件默认存放的数据库目录。

+ **ACCESS PARAMETERS**：可选的，每个access driver特性的access parameters。

+ **LOCATION**：指定外部表的文件名。格式为：directory:file，其中，directory是可选的，如果忽略，则选择DEFAULT DIRECTORY的设置目录。


**PPAS/PG数据库：**

PG的COPY语法实现在一个文件和一个表之间复制数据，另外file_fdw插件也实现了类似COPY的功能。

**基本语法**
```
-- 数据装载load
COPY table_name [ ( column_name [, ...] ) ]
    FROM { 'filename' | PROGRAM 'command' | STDIN }
    [ [ WITH ] ( option [, ...] ) ]

-- 数据卸载unload
COPY { table_name [ ( column_name [, ...] ) ] | ( query ) }
    TO { 'filename' | PROGRAM 'command' | STDOUT }
    [ [ WITH ] ( option [, ...] ) ]

其中 option 可以是下列之一：

    FORMAT format_name
    OIDS [ boolean ]
    FREEZE [ boolean ]
    DELIMITER 'delimiter_character'
    NULL 'null_string'
    HEADER [ boolean ]
    QUOTE 'quote_character'
    ESCAPE 'escape_character'
    FORCE_QUOTE { ( column_name [, ...] ) | * }
    FORCE_NOT_NULL ( column_name [, ...] )
    FORCE_NULL ( column_name [, ...] )
    ENCODING 'encoding_name'
```
+ **FORMAT**:支持text、csv以及二进制格式文件。
+ **导入COPY FROM**：文件或者STDIN 到表中。
+ **导出COPY TO**：导出表到 文件或者STDOUT。
+ **COPY是服务端命令，psql指令 \copy 是客户端命令。**

### 二、转换规则
**1.ORACLE数据库**
```
-- 创建数据库目录
$ mkdir -p /home/oracle/external_dir
SQL> create or replace directory external_dir as '/home/oracle/external_dir';
SQL> grant read,write on directory external_dir  to public;

-- 1. ORACLE_LOADER 装载数据
-- 1.1.在/home/oracle/external_dir下创建info.dat文本文件
$ cat info.dat 
"7369","SMITH","CLERK","7902","17-DEC-80","100","0","20"
"7499","ALLEN","SALESMAN","7698","20-FEB-81","250","0","30"
"7521","WARD","SALESMAN","7698","22-FEB-81","450","0","30"
"7566","JONES","MANAGER","7839","02-APR-81","1150","0","20"
"7654","MARTIN","SALESMAN","7698","28-SEP-81","1250","0","30"
"7698","BLAKE","MANAGER","7839","01-MAY-81","1550","0","30"
"7934","MILLER","CLERK","7782","23-JAN-82","3500","0","10"

-- 1.2. 创建外部表 emp_load 
SQL> conn oomdb/oracle
Connected.
SQL> create table emp_load(
                    emp_id number(4),
                    ename varchar2(15),
                    job varchar2(12),
                    mgr_id number(4),
                    hiredate date,
                    salary number(8),
                    comm number(8),
                    dept_id number(2)
                    )
            organization external
                    (type oracle_loader
                     default directory external_dir
                     access parameters(
                                    records delimited by newline
                                    badfile 'emp_load%a_%p.bad'
                                    logfile 'emp_load%a_%p.log'
                                    fields terminated by ','
                                    optionally enclosed by '"'
                                    lrtrim missing field values are null
                                    reject rows with all null fields
                                    )
                     location ('info.dat')
)
parallel 
reject limit unlimited;


-- 1.3.查询验证文本文件数据是否load到内部表emp
SQL> SELECT * FROM emp_load;

    EMP_ID ENAME           JOB              MGR_ID HIREDATE      SALARY       COMM    DEPT_ID
---------- --------------- ------------ ---------- --------- ---------- ---------- ----------
      7369 SMITH           CLERK              7902 17-DEC-80        100          0         20
      7499 ALLEN           SALESMAN           7698 20-FEB-81        250          0         30
      7521 WARD            SALESMAN           7698 22-FEB-81        450          0         30
      7566 JONES           MANAGER            7839 02-APR-81       1150          0         20
      7654 MARTIN          SALESMAN           7698 28-SEP-81       1250          0         30
      7698 BLAKE           MANAGER            7839 01-MAY-81       1550          0         30
      7934 MILLER          CLERK              7782 23-JAN-82       3500          0         10

7 rows selected.

SQL> 

-- 2. ORACLE_DATAPUMP 装载和卸载数据
-- 2.1. unload卸载数据
SQL> create table tab_unload
(ename,
 job,
 sal,
 dname)
organization external
(type oracle_datapump 
 default directory external_dir 
 location('tab_unload')
)
parallel 1
as 
select e.ename,e.job,e.sal,d.dname 
from scott.emp e
join scott.dept d
on e.deptno=d.deptno;

SQL> set lines 200 pages 1000
SQL> select * from tab_unload;

ENAME      JOB              SAL DNAME
---------- --------- ---------- --------------
CLARK      MANAGER         2450 ACCOUNTING
KING       PRESIDENT       5000 ACCOUNTING
MILLER     CLERK           1300 ACCOUNTING
JONES      MANAGER         2975 RESEARCH
FORD       ANALYST         3000 RESEARCH
ADAMS      CLERK           1100 RESEARCH
SMITH      CLERK            800 RESEARCH
SCOTT      ANALYST         3000 RESEARCH
WARD       SALESMAN        1250 SALES
TURNER     SALESMAN        1500 SALES
ALLEN      SALESMAN        1600 SALES
JAMES      CLERK            950 SALES
BLAKE      MANAGER         2850 SALES
MARTIN     SALESMAN        1250 SALES

14 rows selected.


$ ll /home/oracle/external_dir/tab_unload   
-rw-r----- 1 oracle oinstall 12288 Aug  6 20:10 /home/oracle/external_dir/tab_unload

$ file tab_unload 
tab_unload: DBase 3 data file (1728087984 records)   -- 二进制文件

-- 2.2. load装载数据
SQL> create table tab_load
(ename varchar2(10),
 job varchar2(9),
 sal number(7,2),
 dname varchar(14)
)
organization external
(type oracle_datapump 
 default directory external_dir 
 location('tab_unload')
);

SQL> set lines 200 pages 1000
SQL> select * from tab_load;

ENAME      JOB              SAL DNAME
---------- --------- ---------- --------------
CLARK      MANAGER         2450 ACCOUNTING
KING       PRESIDENT       5000 ACCOUNTING
MILLER     CLERK           1300 ACCOUNTING
JONES      MANAGER         2975 RESEARCH
FORD       ANALYST         3000 RESEARCH
ADAMS      CLERK           1100 RESEARCH
SMITH      CLERK            800 RESEARCH
SCOTT      ANALYST         3000 RESEARCH
WARD       SALESMAN        1250 SALES
TURNER     SALESMAN        1500 SALES
ALLEN      SALESMAN        1600 SALES
JAMES      CLERK            950 SALES
BLAKE      MANAGER         2850 SALES
MARTIN     SALESMAN        1250 SALES

14 rows selected.

SQL> 
```

**2. PPAS/PG数据库**
```
-- 2.1. 装载数据：COPY FROM
$ cat info.dat 
"7369","SMITH","CLERK","7902","17-DEC-80","100","0","20"
"7499","ALLEN","SALESMAN","7698","20-FEB-81","250","0","30"
"7521","WARD","SALESMAN","7698","22-FEB-81","450","0","30"
"7566","JONES","MANAGER","7839","02-APR-81","1150","0","20"
"7654","MARTIN","SALESMAN","7698","28-SEP-81","1250","0","30"
"7698","BLAKE","MANAGER","7839","01-MAY-81","1550","0","30"
"7934","MILLER","CLERK","7782","23-JAN-82","3500","0","10"

-- 授予oomdb用户pg_read_server_files权限
postgres=# grant pg_read_server_files to oomdb;

oomdb=# create table emp_load(
                    emp_id number(4),
                    ename varchar2(15),
                    job varchar2(12),
                    mgr_id number(4),
                    hiredate date,
                    salary number(8),
                    comm number(8),
                    dept_id number(2)
                    );


oomdb=# COPY emp_load FROM '/home/postgres/info.dat'
WITH (
	FORMAT csv,
	DELIMITER ',',
	quote '"',        -- 只适合csv格式
	encoding 'UTF8'
);
COPY 7

oomdb=# select * from emp_load;
 emp_id | ename  |   job    | mgr_id |      hiredate      | salary | comm | dept_id 
--------+--------+----------+--------+--------------------+--------+------+---------
   7369 | SMITH  | CLERK    |   7902 | 17-DEC-80 00:00:00 |    100 |    0 |      20
   7499 | ALLEN  | SALESMAN |   7698 | 20-FEB-81 00:00:00 |    250 |    0 |      30
   7521 | WARD   | SALESMAN |   7698 | 22-FEB-81 00:00:00 |    450 |    0 |      30
   7566 | JONES  | MANAGER  |   7839 | 02-APR-81 00:00:00 |   1150 |    0 |      20
   7654 | MARTIN | SALESMAN |   7698 | 28-SEP-81 00:00:00 |   1250 |    0 |      30
   7698 | BLAKE  | MANAGER  |   7839 | 01-MAY-81 00:00:00 |   1550 |    0 |      30
   7934 | MILLER | CLERK    |   7782 | 23-JAN-82 00:00:00 |   3500 |    0 |      10
(7 rows)

edb=# 

-- 2.2. 卸载数据：COPY TO


```

### 三、参考链接
1. [https://docs.oracle.com/cd/E11882_01/server.112/e22490/et_concepts.htm#SUTIL011](https://docs.oracle.com/cd/E11882_01/server.112/e22490/et_concepts.htm#SUTIL011)
2. [https://www.postgresql.org/docs/11/sql-copy.html](https://www.postgresql.org/docs/11/sql-copy.html)
3. [https://www.postgresql.org/docs/11/file-fdw.html](https://www.postgresql.org/docs/11/file-fdw.html)
