## Oracle PPAS 兼容性分析 之 NULL值
---

### 一、背景介绍
在ORACLE数据库中NULL值和空字符串''是代表这一个含义，但是在PPAS/PG等数据库中，NULL值和空字符串''不完全等价。因此要做到2边完全一致，要么在内核基本实现，要么使用函数实现相同的逻辑（此方法设置的改动面比较大）。

#### 主要场景
+ 场景1：SQL语句判断null值，select * from t where name is null。  
+ 场景2：SQL语句会写成 insert into xxx (a,b,c) values(1,2,''), 写null和''的语法都有。    
+ 场景3：Call function(1,2,'')，函数内做is null判断，传参时null和''的语法都会存在。  

### 二、转换规则
**1. ORACLE数据库**
```
SQL> create table tab_null(id number,name varchar2(20));

Table created.

SQL> insert into tab_null(id,name) values(1,'');

1 row created.

SQL> insert into tab_null(id,name) values(2,null);

1 row created.

SQL> insert into tab_null(id,name) values(3,'ccc');

1 row created.

SQL> commit;

Commit complete.

SQL> select * from tab_null;

        ID NAME
---------- --------------------
         1
         2
         3 ccc

-- 检索出NULL和''的数据
SQL> select * from tab_null where name is null;

        ID NAME
---------- --------------------
         1
         2
         
-- 检索不出数据
SQL> select * from tab_null where name = '';

no rows selected

SQL> 
-- 检索不出数据
SQL> select * from tab_null where name = null;

no rows selected

SQL> 
```

**2. PPAS/PG数据库**
```
oomdb=# create table tab_null(id number,name varchar2(20));
CREATE TABLE
oomdb=# insert into tab_null(id,name) values(1,'');
INSERT 0 1
oomdb=# insert into tab_null(id,name) values(2,null);
INSERT 0 1
oomdb=# insert into tab_null(id,name) values(3,'ccc');
INSERT 0 1
oomdb=# select * from tab_null;
 id | name 
----+------
  1 | 
  2 | 
  3 | ccc
(3 rows)

-- 只能检索出null值数据
oomdb=#  select * from tab_null where name is null;
 id | name 
----+------
  2 | 
(1 row)

-- 只能检索出''值数据
oomdb=# select * from tab_null where name = '';
 id | name 
----+------
  1 | 
(1 row)

-- 检索不出数据
oomdb=# select * from tab_null where name = null;
 id | name 
----+------
(0 rows)

oomdb=# 
```
**因为ORACLEZ中通常使用IS NULL来判断空值，因此为了保持一致，需要把f is null 修正为 (f is null or f = '')，可以通过创建一个自定义函数check_null来实现。**

```
-- 创建 check_null 函数
create function check_null(f text) return boolean
is 
begin
  if (f is null or f = '') then
  	return true;
  else
  	return false;
  end if;
end;


oomdb=# select * from tab_null where name is null;
 id | name 
----+------
  2 | 
(1 row)

oomdb=# select * from tab_null where check_null(name);
 id | name 
----+------
  1 | 
  2 | 
(2 rows)

oomdb=# 

```


