## Oracle PPAS 兼容性分析 之 隐式数据类型转换
---

### 一、背景介绍
**隐式类型转换**：是自动的将一种数据类型转换为另外一种数据类型。Oracle 总是把 Character 转换为Numeric ，以及  Character 转换为Date。而转不了的就需要使用具体的转换函数进行强制类型转换了。Oracle默认支持的转换规则如下：

+ 隐式类型转换矩阵

|        |CHAR    |VARCHAR2|NCHAR   |NVARCHAR2|DATE    |DATETIME/INTERVAL|NUMBER  |BINARY_FLOAT|BINARY_DOUBLE|LONG    |RAW     |ROWID   |CLOB    |BLOB    |NCLOB   |
|:------:|:------:|:------:|:------:|:------: |:------:|:------:         |:------:|:------:    |:------:     |:------:|:------:|:------:|:------:|:------:|:------:| 
|CHAR    |--|	X|	X|	X|	X|	X|	X|	X|	X|	X|	X|	--|	X|	X|	X|
|VARCHAR2|X|	--|	X|	X|	X|	X|	X|	X|	X|	X|	X|	X|	X| --|X|
|NCHAR   |X|	X|	--|	X|	X|	X|	X|	X|	X|	X|	X|	X|	X|	--|	X|
|NVARCHAR2|X|	X|	X|	--|	X|	X|	X|	X|	X|	X|	X|	X|	X|	--|	X|
|DATE|X|	X|	X|	X|	--|	--|	--|	--|	--|	--|	--|	--|	--|	--|	--|
|DATETIME/INTERVAL|X|	X|	X|	X|	--|	--|	--|	--|	--|	X|	--|	--|	--|	--|	--|
|NUMBER|X|	X|	X|	X|	--|	--|	--|	X|	X|	--|	--|	--|	--|	--|	--|
|BINARY_FLOAT|X|	X|	X|	X|	--|	--|	X|	--|	X|	--|	--|	--|	--|	--|	--|
|BINARY_DOUBLE|X|	X|	X|	X|	--|	--|	X|	X|	--|	--|	--|	--|	--|	--|	--|
|LONG|X|	X|	X|	X|	--|	X|	--|	--|	--|	--|	X|	--|	X|	--|	X|
|RAW|X|	X|	X|	X|	--|	--|	--|	--|	--|	X|	--|	--|	--|	X|	--|
|ROWID|--|	X|	X|	X|	--|	--|	--|	--|	--|	--|	--|	--|	--|	--|	--|
|CLOB|X|	X|	X|	X|	--|	--|	--|	--|	--|	X|	--|	--|	--|	--|	X|
|BLOB|--|	--|	--|	--|	--|	--|	--|	--|	--|	--|	X|	--|	--|	--|	--|
|NCLOB|X|	X|	X|	X|	--|	--|	--|	--|	--|	X|	--|	--|	X|	--|	--|

+ 不同字符类型转换

|                | to CHAR   | to VARCHAR2 | to NCHAR  | to NVARCHAR2  |
|:------         | :------   | :------     | :------   | :------       |
| from CHAR      |  --       | VARCHAR2    | NCHAR     | NVARCHAR2     |
| from VARCHAR2  | VARCHAR2  | --          | NVARCHAR2 | NVARCHAR2     |
| from NCHAR     | NCHAR     | NCHAR       | --        | NVARCHAR2     |
| from NVARCHAR2 | NVARCHAR2 | NVARCHAR2   | NVARCHAR2 | --            |

### 二、转换规则
**1.日期相减**
+ Oracle：Oracle 时间相减，得到的是一个浮点值N，代表N天。
+ PPAS/PG：PPAS 日期相减，得到的是一个INTERVAL时间间隔类型，可以通过EXTRACT(EPOCH FROM interval)转换为一个浮点型，单位默认是秒，需要除以86400得到天。
```
-- 1.Oracle
SQL> select to_date('2019-03-22 11:11:22','yyyy-mm-dd hh24:mi:ss') - to_date('2019-01-01 01:01:01','yyyy-mm-dd hh24:mi:ss') from dual; 

TO_DATE('2019-03-2211:11:22','YYYY-MM-DDHH24:MI:SS')-TO_DATE('2019-01-0101:01:01','YYYY-MM-DDHH24:MI:SS')
---------------------------------------------------------------------------------------------------------
                                                                                               80.4238542

SQL> 

--2.PPAS
edb=# select EXTRACT(EPOCH FROM(to_date('2019-03-22 11:11:22','yyyy-mm-dd hh24:mi:ss') - to_date('2019-01-01 01:01:01','yyyy-mm-dd hh24:mi:ss')))/86400 from dual;
     ?column?     
------------------
 80.4238541666667
(1 row)

edb=# 

```

**注意：由于结果是浮点数，不精确，因此最后的结果位数可能不完全一致。**

**2.案例分享**
由于PPAS的隐式类型转换没有Oracle丰富，所以很多时候，需要结合具体的案例进行相应的显示类型转换，这里主要介绍下面3个案例：
+ to_char(interval)
+ nvl2(character varying, integer, integer)
+ interval + numeric 

```
-- 1.案例1
-- Oracle数据库
SQL> select to_char(to_date('2019-03-22 11:11:22','yyyy-mm-dd hh24:mi:ss') - to_date('2019-01-01 01:01:01','yyyy-mm-dd hh24:mi:ss')) from dual;

TO_CHAR(TO_DATE('2019-03-2211:11:22','YY
----------------------------------------
80.4238541666666666666666666666666666667

SQL>

-- PPAS数据库
edb=# select to_char(to_date('2019-03-22 11:11:22','yyyy-mm-dd hh24:mi:ss') - to_date('2019-01-01 01:01:01','yyyy-mm-dd hh24:mi:ss')) from dual;
错误:  函数 to_char(interval) 不存在
LINE 1: select to_char(to_date('2019-03-22 11:11:22','yyyy-mm-dd hh2...
               ^
HINT:  没有匹配指定名称和参数类型的函数. 您也许需要增加明确的类型转换.
edb=#

-- 查看to_char函数支持的入参数据类型
edb=# \df to_char
                                         List of functions
   Schema   |  Name   | Result data type  |              Argument data types               |  Type  
------------+---------+-------------------+------------------------------------------------+--------
 pg_catalog | to_char | text              | numeric                                        | normal

-- 进行相应转换
edb=# select to_char(EXTRACT(EPOCH FROM(to_date('2019-03-22 11:11:22','yyyy-mm-dd hh24:mi:ss') - to_date('2019-01-01 01:01:01','yyyy-mm-dd hh24:mi:ss')))/86400) from dual;
错误:  函数 to_char(double precision) 不存在
LINE 1: select to_char(EXTRACT(EPOCH FROM(to_date('2019-03-22 11:11:...
               ^
HINT:  没有匹配指定名称和参数类型的函数. 您也许需要增加明确的类型转换.
edb=# 

edb=# select to_char((EXTRACT(EPOCH FROM(to_date('2019-03-22 11:11:22','yyyy-mm-dd hh24:mi:ss') - to_date('2019-01-01 01:01:01','yyyy-mm-dd hh24:mi:ss')))/86400)::numeric) from dual;
     to_char      
------------------
 80.4238541666667
(1 row)

edb=# 


-- 2.案例2
-- Oracle数据库
SQL> CREATE TABLE tab_nvl2(
  2      id NUMBER(12, 0) NOT NULL,
  3      owner_id VARCHAR2(32)
  4  );
Table created.

SQL>
SQL> select nvl2(t.owner_id,1,0)
  2    from tab_nvl2 t;

no rows selected

SQL> 

-- PPAS数据库
edb=# CREATE TABLE tab_nvl2(
edb(#     id NUMBER(12, 0) NOT NULL,
edb(#     owner_id VARCHAR2(32)
edb(# );
CREATE TABLE
edb=# select nvl2(t.owner_id,1,0)
edb-#   from tab_nvl2 as t;
错误:  函数 nvl2(character varying, integer, integer) 不存在
LINE 1: select nvl2(t.owner_id,1,0)
               ^
HINT:  没有匹配指定名称和参数类型的函数. 您也许需要增加明确的类型转换.
edb=# 
edb=# 
-- 查看函数定义
edb=# \df nvl2
                                 List of functions
   Schema   | Name | Result data type |        Argument data types         |  Type  
------------+------+------------------+------------------------------------+--------
 pg_catalog | nvl2 | anyelement       | anyelement, anyelement, anyelement | normal
(1 row)

edb=# 

edb=# select nvl2(t.owner_id::integer,1,0)  -- 转换为integer类型
edb-#   from tab_nvl2 as t;
 nvl2 
------
(0 rows)

edb=# 

-- 3.案例3
-- Oracle数据库
SQL> select to_date('2019-03-22 14:55:33','yyyy-mm-dd hh24:mi:ss') - to_date('2019-01-01','yyyy-mm-dd') + 1 from dual;

TO_DATE('2019-03-2214:55:33','YYYY-MM-DDHH24:MI:SS')-TO_DATE('2019-01-01','YYYY-
--------------------------------------------------------------------------------
                                                                      81.6219097

SQL> 
-- PPAS数据库
edb=# select EXTRACT(EPOCH FROM(to_date('2019-03-22 14:55:33','yyyy-mm-dd hh24:mi:ss') - to_date('2019-01-01','yyyy-mm-dd')))/86400 + 1 from dual;
     ?column?     
------------------
 81.6219097222222
(1 row)

edb=# 
```

### 三、参考链接
1.[https://docs.oracle.com/cd/E11882_01/server.112/e41084/sql_elements002.htm#SQLRF51036](https://docs.oracle.com/cd/E11882_01/server.112/e41084/sql_elements002.htm#SQLRF51036)
2.[https://www.postgresql.org/docs/10/typeconv.html](https://www.postgresql.org/docs/10/typeconv.html)
