
## Oracle PPAS 兼容性分析 之 AT TIME ZONE DBTIMEZONE 用法
---

### 一、背景介绍
AT TIME ZONE DBTIMEZONE 依据数据库时区来调整时间，主要受数据库DBTIMEZONE值控制。DBTIMEZONE返回数据库时区值，返回值可以是time zone offset（如：at time zone '+00:00'） 或者 time zone region name（如：at time zone 'GMT')。

### 二、转换规则
1. Oracle数据库
```
-- Oracle默认的时区DBTIMEZONE是: +00:00
SQL> 

SQL> SELECT SESSIONTIMEZONE, DBTIMEZONE FROM DUAL;

SESSIONTIMEZONE                                                             DBTIME
--------------------------------------------------------------------------- ------
+08:00                                                                      +00:00

SQL> 
-- 表的列的默认值：从1970年到当前在特定时区的秒数
SQL> create table tab_dbtimezone(
  2      id number not null ,
  3      login_time  NUMBER (*, 0) DEFAULT (sysdate - cast((timestamp '1970-01-01 0:0:0 -0:0' at time zone dbtimezone) as date)) * 24 * 3600 not null
  4  );

Table created.

SQL> insert into tab_dbtimezone(id,login_time) values(1,100);

1 row created.

SQL> insert into tab_dbtimezone(id) values(2);

1 row created.

SQL> commit;

Commit complete.

SQL> select * from tab_dbtimezone;

        ID LOGIN_TIME
---------- ----------
         1        100
         2 1551113754

SQL> 

```
2. PPAS数据库
```
-- PPAS默认的时区是RPC
edb=# show timezone;
 TimeZone 
----------
 PRC
(1 row)

-- 要查看支持的时区名称的列表：
edb=# select pg_timezone_names();
-- 要查看支持的时区缩写的列表：
edb=# select pg_timezone_abbrevs();


-- PPAS 不支持dbtimezone属性，因此需要查询出Oracle具体的时区，然后在PPAS进行填充，如：at time zone '+00:00'
-- Oracle的日期相减是：NUMBER类型；PPAS的日期相减是INTERVAL类型，因此需要做转换，把INTERVAL类型转换为秒，如：
-- extract(epoch from (inteval数据类型)) 。
-- 需要把timestamp 关键字修改为timestamptz，因此标量值是带时区的。
-- 转换结果如下：
edb=# create table tab_dbtimezone(
edb(#     id number not null ,
edb(#     login_time NUMBER (38, 0) DEFAULT extract(epoch from (sysdate - cast((timestamptz '1970-01-01 0:0:0 -0:0' at time zone '+00:00') as date))) not null
edb(# );
CREATE TABLE
edb=# 
edb=# insert into tab_dbtimezone(id,login_time) values(1,100);
INSERT 0 1
edb=# insert into tab_dbtimezone(id) values(2);
INSERT 0 1
edb=# select * from tab_dbtimezone;
 id | login_time 
----+------------
  1 |        100
  2 | 1551114242
(2 rows)

edb=# 
```



### 三、参考链接
1. [https://www.postgresql.org/docs/10/functions-datetime.html#FUNCTIONS-DATETIME-ZONECONVERT](https://www.postgresql.org/docs/10/functions-datetime.html#FUNCTIONS-DATETIME-ZONECONVERT)
2. [https://www.postgresql.org/docs/10/datatype-datetime.html#DATATYPE-TIMEZONES](https://www.postgresql.org/docs/10/datatype-datetime.html#DATATYPE-TIMEZONES)

